,,,Control 0h,,Control 4h,,Control 8h,,Day 1 0h,,Day 1 4h,,Day 1 8h,,Day 2 0h,,Day 2 4h,,Day 2 8h,,Day 3 8h,,Day 5 8h,,Day 7 0h,,Day 7 4h,,Day 7 8h,
Name,Name,,Mean,SE,Mean,SE,Mean,SE,Mean,SE,Mean,SE,Mean,SE,Mean,SE,Mean,SE,Mean,SE,Mean,SE,Mean,SE,Mean,SE,Mean,SE,Mean,SE
"1,2,3-Propanetricarboxylic acid, 2-[(trimethylsilyl)oxy]-, tris(trimethylsilyl) ester",beta-carboxyglutaric acid ,,22486667,657302.8936,,,22527408.2,924872.2378,,,,,27876340.4,2615109.123,30726809.2,1020408.325,35950233.8,3114350.286,31022233.8,921757.691,24347255,1831690.772,22490866.2,1893221.378,91493671.8,2947214.229,91935415,625015.4394,50209353.8,1433744.096
"1,6-anhydroglucose_1803_3TMS","1,6-anhydroglucose",,5681356.2,1683896.088,19328101.6,3813594.061,20206798.8,5070929.836,14241921,2286821.216,13949912.6,1295886.543,15097250.4,2109922.481,11323943,1663288.565,11687275.8,2280462.012,8022248.4,919814.7897,7611398.4,363600.9163,8760690.2,1457716.949,26019828.4,4742520.871,15615855.2,2410834.39,7988673.6,1806756.277
1-Octanesulfonyl chloride,1-Octanesulfonyl chloride,,238688,9018.20929,3404175.2,103906.3143,3197228.2,87490.54801,,,,,150425.4,3690.676694,,,2698295.2,60254.17214,,,150849,5077.572855,109363,8479.963774,2810429.6,78809.51414,3092969.2,152121.6239,305676.4,8724.027107
"2(3H)-Furanone, dihydro-3,4-bis[(trimethylsilyl)oxy]-, trans-","Threonic acid-1,4-lactone",,8134589.2,462500.4815,15328115.6,1379821.138,18217754,5401351.579,4234152.6,489823.6082,6446724.2,777421.2708,8786062.8,409170.8378,7143381.8,1528798.343,12131404.8,1839875.969,6392354.6,450929.3922,7387287.6,702241.4697,5489729,526621.1205,16121654,2389018.418,17117348.8,394409.88,15275490.4,1124454.404
"2,3,4-Trihydroxybutyric acid tetrakis(trimethylsilyl) deriv.",Threonic acid,,25484562,1301124.093,29316685,1316158.93,27885612.8,3707671.033,13279084.6,756752.5568,13301963.6,922199.456,16401192,955607.6546,17720725.4,1166818.269,23905714.2,1465386.934,19843625.4,1388616.743,20879234.8,831099.3573,22505662.4,1436519.022,30675608.6,1178051.398,22600297,1394312.358,18909509.6,2690392.385
"-D-Glucopyranose, 1,2,3,4,6-pentakis-O-(trimethylsilyl)-",#NAME?,,669292.6,255555.8136,3182600.2,973542.7154,1797372.6,290259.5644,214075,27393.20617,527357,42120.17816,449039.6,52370.76291,394058.6,105449.131,425523.6,70211.93297,205307,11461.44641,356960.8,39530.91853,439917.4,90716.85176,228078.8,13915.97526,294479.2,13366.0917,229308.8,25607.80253
"-D-Glucopyranoside, methyl 2,3,4-tris-O-(trimethylsilyl)-6-dodecanoyl-",#NAME?,,61498.8,5306.283948,140013.8,12779.44383,116638.6,16116.59776,28881.4,4343.806655,30771.6,1669.894057,44222.4,2421.556165,54676.8,3254.993324,97706.8,4123.56544,42440,2834.809817,61458.6,4611.449009,61783.4,6261.440135,115175.4,4045.442628,143620,15099.83887,61642,1496.527481
"-D-Mannopyranoside, methyl 2,3,4,6-tetrakis-O-(trimethylsilyl)-",#NAME?,,272049,32434.70053,552000.2,76755.22091,428950.6,77571.67233,91130.5,6219.805404,92654.2,2408.659615,93534,11104.11098,122054.8,6613.170181,167517.2,8028.191225,53830,1351.785301,225623,12027.61886,292382.2,42893.76964,254471.8,12357.14987,387026.2,36968.37355,235181.4,23760.69741
"-D-Xylopyranose, 1,2,3,4-tetrakis-O-(trimethylsilyl)-",#NAME?,,897995.2,25784.39339,2829685.8,218105.5127,2676654.2,121602.9851,596358.4,21834.80387,549526.8,37105.34671,740690.2,7056.260167,771170,22712.04019,,,337711.6,38425.65418,757367.2,9705.998204,762955,56563.81712,1395350.6,25293.57292,1100371.6,38655.96002,441067.8,11940.77713
Allose_1831_5TMS,allose,,11667283.8,853761.5681,18461225,2056320.57,14618166.2,1007799.662,7215709.4,830470.4469,7058562,841796.5659,7250472.4,236732.1037,8696911,1067402.052,10131200.2,464989.2566,4213999,932995.4315,7080876.4,146657.9781,7488086.8,626173.2883,8066367,730695.5028,7939970.2,344684.0882,14167477.6,5116876.63
Allose_1831_5TMS:2,allose,,158700.8,13082.61064,443369.4,53590.20519,422261,25517.69831,121620.8,26497.52956,104421.6,18194.9533,217711.2,21727.57412,219310.6,32729.01883,493138.8,37088.50449,96064.25,25671.1845,118633.8,22969.19076,184368,14642.07493,484536.8,17948.3596,413239.2,29038.92869,321442.2,30983.29802
"Arabinofuranose, 1,2,3,5-tetrakis-O-(trimethylsilyl)-",arabinose,,999985,35104.85193,2357465.2,363504.4315,2094181,361330.2894,851948,98753.62015,1114210.2,256915.0983,1060433.6,20998.73423,1107687.2,180077.7593,1670125.8,373972.8471,553833,62258.74311,1171124,93841.14533,970827.2,157640.5145,2953829.6,401315.6222,2056731.4,146174.1483,1326435.2,235967.3572
"Arabinofuranose, 1,2,3,5-tetrakis-O-(trimethylsilyl)-:2",arabinose,,152078.6,11764.73308,396223.4,37077.53221,294300.6,71383.5393,122317.8,4100.706981,92667,13191.45305,92825.2,2237.985554,151159.8,23077.22644,169730,23461.26384,58675,9897.677101,156905.2,19394.70336,149761,10305.8673,508775.4,48493.59974,339853.4,17613.59008,177998,14805.62959
Bis(trimethylsilyl)monostearin,octadecanoic acid,,,,27418640.6,765870.4611,24753310.6,956608.9187,,,,,,,,,29402828.4,1494599.853,,,,,,,24162621.6,1849561.563,22695419.8,1373640.782,,
"Boric acid, trimethyl ester",boric acid,,694427,6984.682205,657839,13588.56774,,,665841.6,46519.78901,682110.2,55996.70231,967273,120044.8876,784729.8,36319.29416,,,713084.6,61370.03418,887459.2,52545.70097,896900.4,7571.00143,1266361,68398.57558,1911486.8,115491.1725,1995772.8,236858.9606
"Butanal, 2,3,4-tris[(trimethylsilyl)oxy]-, O-methyloxime, [R-(R*,R*)]-",butanal,,,,,,,,,,,,,,,,49579.6,2549.052973,,,,,,,220035.4,10415.40173,145047.2,3098.150487,,
Cellobiose_2591_8TMS,cellobiose,,275312263.8,60515204.44,1028505.2,121471.8125,14501540.33,10742416.84,538489.8,13623.75465,543629.8,79931.23276,32712677.2,783416.5955,36072214.6,1770126.207,35322010,2657365.142,35933194.6,1746263.09,41094477.4,2116805.129,40294947.6,2122376.999,37348087.6,9545896.801,10903713.2,4512865.436,35729370.4,4183486.626
"D-Gluconic acid, 2,3,4,5,6-pentakis-O-(trimethylsilyl)-, trimethylsilyl ester",D-Gluconic acid,,815800.8,54346.63902,1497070,107361.3776,1429475.6,96442.4553,807550.4,19802.07863,845941.2,104223.0201,903881.8,16812.65095,998975.2,53817.81644,1198471.8,58977.60494,449078.6,41001.56754,785364.4,50904.13856,722032.6,25848.57265,1002186.4,60715.74034,982334.4,57279.63729,888802.8,109825.8491
"D-Glycero-D-gulo-Heptonic acid, 2,3,5,6,7-pentakis-O-(trimethylsilyl)-, lactone",D-Glycero-D-gulo-Heptonic acid,,688039.6,41392.30474,1619599.8,140265.9436,1417207.4,94710.31533,850596.2,44550.40435,852389,131992.8904,960841.6,41301.81546,858060.8,79861.23801,1147897.8,148762.3219,480942,79889.08175,963511.6,201882.9007,957078.4,67338.77528,713122.8,41703.84966,529673.8,8049.244644,525467.6,62428.37188
"Dichloroacetic acid, 6-ethyl-3-octyl ester",Dichloroacetic acid ,,213144.2,7650.763422,2105436.4,62293.32538,1975249.6,42983.48521,191880,12864.87233,293499,26940.67938,196624,5158.939271,72135.6,3744.068637,1627054,33801.8396,,,433600.4,10669.26158,316621.6667,84982.36777,2196679,346016.6132,2268258.8,290097.7768,369837.4,9041.922244
"D-Xylopyranose, 1,2,3,4-tetrakis-O-(trimethylsilyl)-",D-Xylopyranose,,6708181.2,372641.8773,19409115.6,3069549.916,23933537,4407973.345,3892262.8,360146.2609,8027473.8,700564.4932,11505074.8,1029782.045,37396940,21083993.09,34729819.8,3396742.028,12121401.8,1478074.588,18353525.2,1455065.162,36768389.2,3714599.835,82199406.6,6059322.481,77928837.8,2554276.231,46226778,4344805.348
"Erythro-Pentonic acid, 2-deoxy-3,4,5-tris-O-(trimethylsilyl)-, trimethylsilyl ester",Isosaccharinic acid,,2023887.8,126484.1138,2981415.2,214828.7267,2469758.2,386852.469,1100173.4,64522.06728,1141250.2,105252.7958,1109772.4,107709.1572,1221058,72260.5767,1565391.8,68338.57902,525218.8,39121.14592,1513662.8,34984.59813,1421286,49932.71151,1559342.8,77396.73796,1537109.2,103300.3537,1113074.8,125306.8216
Fructose_1763_5TMS,Fructose,,1082404.2,65620.65855,3827197.2,325362.3231,3924874.4,482578.5825,1192147.6,183713.5202,2125224.4,446873.5003,2778698.6,153583.8155,2195840.2,314698.6275,6605451,859646.0666,1555320.8,345175.9248,2883464.6,114717.4201,2658853.2,300328.5977,9448959.6,569179.1612,12622374.8,521051.3476,8406515.2,969237.4331
Fructose_1763_5TMS:2,Fructose,,2541465.2,213119.5586,4350481,484487.587,3997264,525172.3205,1050503.2,164462.9053,1378341.8,165269.3849,1387773.2,138849.3303,1232133.8,81174.54844,3178433.6,141994.3333,1098244.8,77890.93326,2694846.8,123575.7469,2746034.2,159597.7787,3772985.6,210052.1208,3774968.4,183914.3095,1641581.2,113152.6991
Fructose_1763_5TMS:3,Fructose,,180837,7441.412561,303284.4,21222.29865,210499,15195.56897,86057.2,5500.05184,104681.4,7309.928109,110821.2,5605.589027,115948,5680.958872,144196.4,9704.796786,87563.4,3594.485424,150250.2,6298.047812,151407.2,11986.84862,157502.6,8679.932814,179359.2,6323.725827,135919,2365.937024
Fructose_1763_5TMS:4,Fructose,,2429784.6,206783.1422,3325848,343811.8553,2433374.8,234737.2591,1235600.6,133525.5588,1150844.8,66131.90066,1128677.6,45787.05841,1468849,101689.6189,2049265,219102.1686,706355.2,61248.83882,1480411.2,60221.68036,1640209.8,139132.8596,1520220.2,150720.3989,1499768.2,99882.86975,1197244,123506.4818
Fructose_1763_5TMS:5,Fructose,,2161344,95459.37145,7349521.2,997437.4227,6602914.2,534214.516,1461902.8,103264.0397,1398370.2,148559.7008,1735975.2,35288.53956,1663116.4,91199.52686,5115796.6,395573.6356,796854.2,84595.7635,1687857.8,37444.32657,1764914.6,107802.4695,3113688.8,208245.4175,2242984.6,158100.6485,1115310.4,65048.0257
Fructose_1773_5TMS,Fructose,,2342794,166291.6674,5581532.4,423545.3174,4274955.4,400707.3274,1927306.6,79854.65126,1794526.4,115963.5468,2402023.2,306921.956,2373313.2,205782.0053,4502230.2,125628.5028,2401425.6,217023.2919,1887283.4,84013.22625,2672064.2,165055.9625,6208272.6,573815.5378,5320576,211351.2133,4325333,506179.5831
Fructose_1773_5TMS:2,Fructose,,5852545.2,668630.4139,14822887,2107479.372,18444995.8,5386685.049,6861310,680532.0457,7418282.4,400513.423,8535518,478639.3015,9198597.2,964179.8243,16817814.2,2604375.805,8377726.4,817417.2356,11503050.4,732279.761,7977444.8,1039433.483,28168772.6,4889409.551,26557173.6,2278648.216,22398489.8,4549477.705
Fructose_1831_5TMS,Fructose,,2756344.8,182627.0201,6075493.4,954745.3464,5223788.2,818553.1422,2466665.2,295376.6664,2556611.4,270568.7746,2985991.6,276751.353,3315294.2,202104.4917,4697996,318275.1871,1966745.4,70737.53266,2442230,161269.9059,2608391.6,191162.1984,3218670.2,98561.11317,3866450.2,406323.7947,3362692.8,73459.19702
Fructose_1845_5TMS,Fructose,,194856913.6,5377029.638,,,,,,,,,134187446.4,434597.0592,140621576.2,2869737.24,148367425.6,1909552.854,120094365.2,1030869.578,151313559.4,561005.1347,143004128.8,2282705.499,269919311.4,100273218.9,28702334.8,1293110.594,104701665.2,25069651.02
Fucose_1724_4TMS,Fucose,,869069.8,97113.92093,1669553,135510.5888,1613145,127343.6709,772043.8,16975.04534,759562.4,102921.7385,868543.6,30131.05575,916492.2,52104.85447,1445487.8,66267.29553,462987.2,30210.89669,778260.6,26690.33549,751076,34239.92726,1380527.8,86640.90466,1414243.2,79571.86499,1154757.4,91367.36285
Fumaric acid_1413_2TMS,Fumarate,,158463857.4,19930272.78,229201591.8,39781617.41,252688764.4,35568574.34,209736124.4,12728327.62,317573684.8,16624462.08,334228060.2,11437556.86,260309060,22424526.05,320117847.2,7907002.39,392871640,6872084.457,373240792,2815337.878,382426786,4076477.338,256661248.2,24409711.91,282395605.8,25033783.93,350285879.6,17503380.35
Galactose_1872_5TMS,Galactose,,2632929,561897.4433,4912068.2,1045077.951,6294368.2,1807199.723,1306459.2,176138.1433,1444877.2,398255.3523,3073172.4,366082.8037,3541940.4,251970.1075,5662285.8,580920.559,2581826.2,135823.0493,3396960,193360.7987,2502782.8,330817.1771,9750289.8,776658.3666,12522475,910950.7584,10074165.4,1101867.498
"Glucopyranose, pentakis-O-trimethylsilyl-",Glucopyranose,,2658361.6,387569.4952,6155167,656288.3578,5864104.4,795325.3194,4178905.8,378598.2559,5015870.2,844106.614,6278387.2,677780.6422,6891697,782117.2182,9466294.6,1078238.203,5366287.2,679502.9205,5093717.2,225951.794,6987932,588089.914,17264232,3323320.186,14689559.6,729697.6118,10561752.8,2096710.235
Glycerol_1285_4TMS,Glycerol,,4335580.6,325772.9507,6571693.8,697496.9504,4830652.2,1138064.692,2161723.8,290070.134,2344691.4,226599.2682,2314501.6,211930.9743,2590721,305424.3364,3161014,447503.2486,725795,121079.8966,2738058.2,256140.0344,2697469.6,172062.1021,2725768.8,146783.7632,1749066,342187.4128,1484927.2,251133.6263
Glycine d5_1343_3TMS,STANDARD,,104323716,9266293.078,86839739.2,1983793.655,101394439.4,4349391.473,50016363,719442.0781,48291125.2,5451061.391,43771330,2711795.062,43236505.6,1530817.708,130897020.2,8295556.506,29652633.8,6760543.257,152692871.6,9360140.817,132481865.8,9067952.267,223198096.2,9269234.033,219737398,10585093.97,141290668.8,35914657.53
Hexadecanoic acid_2101_1TMS,Palmitic acid,,5093393.6,273109.9164,33771981.8,1885126.918,32527132.4,1580213.405,4943007.6,85416.30464,7607404,144907.3578,5935584.6,198127.2288,6089019.4,93571.68606,25877214.8,731894.1924,,,4692670.25,394262.7243,3848471.4,57406.90868,29019808,2716994.276,27267639.4,2139082.232,6508872,582238.6957
Isoascorbic acid_2032_4TMS,Isoascorbic acid,,3884446.4,174822.2532,9346731.6,1560635.241,8914288.2,617370.3904,3760365.4,739047.0964,3005288.4,486350.9326,3442884.4,431623.0642,3071791.8,168733.8558,3838875.6,207458.8287,2082790.8,196553.287,2226980.8,169351.2104,2399831.2,247563.7308,4141763.2,381249.8103,3868787.4,457724.9418,1898496,163002.7089
Isoleucine_1285_1TMS,Isoleucine,,454470,30744.72675,493527.8,74087.14374,246835,29806.16297,123010.8,13968.08232,235196.2,35551.09187,128053.2,9616.317956,126662.4,15058.76628,171793.6,10858.81545,166907.4,9659.76484,357232.2,43265.48163,408863.6,152366.613,193894.2,15727.29773,176782.2,9022.034601,126453.4,4679.51948
Isotridecanol,Isotridecanol,,259960,5622.885514,3096965.4,100802.2904,2930471.8,84495.36103,167604.6,13139.19206,216385.2,13763.77032,119049.4,9562.946855,207333,23746.40238,2433818.6,50762.70246,712720.2,11496.23389,170987.2,5284.982312,212055.6,7165.851307,2498667.4,120867.556,2890288,119216.824,98441.6,2189.410779
Leucine_1252_1TMS,Leucine,,447831.8,181394.0239,421229.4,56015.51033,265183,15076.85129,77812.4,6873.418237,233755.6,36227.74278,107499.2,3623.562755,94298,1037.073671,157219.8,10882.88554,137477.8,80576.77609,321751.8,90716.44497,262439.6,24123.05855,164256.6,6591.974125,128297.2,16967.75659,89709.2,7039.825285
"Lyxose, tetra-(trimethylsilyl)-ether",Xylose,,437053.4,35611.12362,760112.6,113110.5045,3592750,2882578.603,2904375,1574730.814,1031443.2,478229.7102,804448.8,18481.20319,2029182.4,893289.2514,855063.2,41827.662,909023.4,127728.8129,587117,52225.07699,410444.4,41277.4598,1038189.4,103144.8686,2178244.4,267502.7414,1041948,211371.8974
Malic acid_1546_3TMS,Malate,,40392451.6,2599140.311,42100570.4,5040071.26,40516928.6,559735.9605,19222706.2,1778350.162,32336975.6,629931.4928,83171527,645883.2702,35202611.4,2057013.259,51034838.8,4329393.077,52058145.8,2601057.842,23427573,444012.0211,17535149.4,1001854.663,37708204,976150.4134,246340886.6,154511367.8,131508938.2,4242598.125
"Mannose, 6-deoxy-2,3,4,5-tetrakis-O-(trimethylsilyl)-, L-",Mannose,,136829.6,11939.5309,260235.6,40756.37582,219535.25,14514.82455,95141,7127.908221,79087.4,3575.459643,83774.8,14153.52405,115050,13668.97941,105182.4,10189.60369,100931.4,5433.43749,56608.2,7354.292396,91894.6,1503.365179,358590.4,72597.77509,261154.6,30784.67161,157598.2,32379.65814
"Mannose, 6-deoxy-2,3,4,5-tetrakis-O-(trimethylsilyl)-, L-:2",Mannose,,182668,14174.08215,351245.2,39708.83247,374850,33105.36264,125171.2,4317.572864,18701.4,360.1467201,120513.6,11399.64933,135322.2,3871.718822,436992.8,39341.4638,115217.8,5407.262352,251757.2,11497.5609,279292.4,27733.98906,437328.8,20544.40196,569917.4,16318.10714,#DIV/0!,#DIV/0!
myo-inositol_2014_5TMS,Myo-inositol,,70008572.8,2902396.457,96868539.8,4713441.986,94550915.8,5123506.226,67540126.2,1950549.621,73694321.4,6365695.368,75672120.4,2078771.713,69815137.8,3640347.498,84118659.2,3664420.566,40865881.6,2616014.347,66918386.8,1976687.761,66269717.6,3796873.124,110722275.8,3282853.496,122469395.2,6009157.184,86997204.2,1587035.488
"N,O-Bis-(trimethylsilyl)-2-pyrrolidone carboxylic acid",Pyroglutamic acid,,1893991.2,153183.7729,3220464.8,499738.8099,3156116,504848.056,1804315.8,119070.1147,2866306.2,213230.738,2162609.6,145139.9138,4540436.4,378987.6986,5999874.2,438528.0587,3478536.8,895872.0599,4009655.2,309171.0893,3047382.6,514619.5359,13779527,1578622.194,17729668.2,1319170.009,16873800.2,2634599.035
Octadecanoic acid_2292_1TMS,octadecanoic acid,,2949181.2,68455.28385,19779452,1313361.386,18938592,842099.8693,,,,,,,,,15547989.8,528685.2437,,,,,,,17108045.8,1654513.501,16358433,1646132.679,10073149.8,6429977.829
Palmitin_2606_2TMS,Palmitin,,,,33827496.8,1081899.616,30874942.6,1009089.05,,,,,,,,,37403803.6,1634724.758,,,,,,,27320051,1160675.131,27440619.2,1340862.749,,
Phosphate_1372_4TMS,Phosphate,,662207.6,31567.80119,3168169.4,192518.2386,2797944.4,250137.496,687858.4,46769.3287,860684.2,71887.26484,1050073.2,178939.4716,919922.2,35813.31181,1851203.6,77362.7676,1015940.4,49220.94497,827052,63510.7232,670367,61903.1259,2711749,139652.9416,3323138.6,157218.2593,1413851.6,134571.3137
Proline_1327_1TMS,Proline,,12443396.4,669525.1187,,,,,,,2277478.8,52384.0327,,,1151446.6,74777.81356,2222505,308847.5938,,,12813195.2,547849.9545,12860150.4,657186.1444,36710125.4,971723.408,45194716.4,1602373.174,31213299.6,681671.6166
"Propanedioic acid, bis(trimethylsilyl) ester",Malonic acid,,17208848.8,1468288.638,8553595.4,2967980.478,8176828.4,1446977.017,5521665.4,234248.3021,6153044.2,985590.3832,9427375.4,1487166.136,8976719.2,527342.2795,15876535,1797056.018,19626660.6,2111480.775,11598239,1066805.593,7276865.2,1203495.215,18519716,2188179.292,28934773.8,2129808.326,39000481.6,1989327.118
"Propanoic acid, 2,3-bis[(trimethylsilyl)oxy]-, trimethylsilyl ester",Propanoic acid,,1881720.8,163610.9235,5344554.8,716914.5605,6098073,322137.0914,1848614,274893.1093,1250003.6,191382.0059,1325106.4,79883.34807,1799343.6,126183.4823,4213290.2,1195881.395,1865943,368396.3105,4894774.8,423552.6947,5412253.8,1716089.402,28166832,1161421.426,48949823.2,534400.8854,29988027.2,3577867.096
"Propanoic acid, 2-[(trimethylsilyl)oxy]-, trimethylsilyl ester",Propanoic acid,,17099435,363844.9302,11848385.6,515527.6295,,,37160223.2,12142238.64,14656115,1537912.338,16084337.6,1123375.656,6141836.2,492333.0081,3249299.2,80807.62176,2429435,89495.47896,10163572.6,2228962.97,8332172.6,96982.26077,33033698.4,540547.633,8579867.2,875139.5245,7333740.2,153101.6159
"Propanoic acid, 2-oxo-, methyl ester",Propanoic acid,,684292,12229.67033,968875.6,71006.34388,1285668.4,140488.5564,737228.2,54849.44661,1048036.6,64952.08144,2613431.2,534950.782,1421790,52932.1879,2055327,355946.2523,1733539.8,230194.8969,2266466,161952.2409,2046280.8,104140.0604,4464529.2,407641.7684,7770700.2,522553.6379,11495919.2,863071.8437
Pyruvic acid_1175_1TMS,Pyruvate,,2035138.2,158077.1331,2731331.25,98003.92678,2103858.2,14650.19909,2265119.6,383066.9628,1859843.4,229417.7047,2636617.8,282341.6788,2396514.4,223937.4085,4442697.8,146561.7264,1946811,163938.9292,2994305.8,261197.0869,1921128.6,75545.04105,3065245.2,197509.6048,3100115.8,294627.8416,2075441,509532.1232
Ribitol_1660_5TMS,Ribitol,,6774690.2,434922.7506,15448375,1060936.487,12866661.2,256173.5539,4374077.4,214801.5492,3344379,413346.9519,4257961.4,396794.6176,5933459.8,379584.8451,3337145.6,1087661.204,2567511,395786.8806,5604678.8,276247.3855,5695597.8,265023.7464,16462167.6,1363167.984,13149678.8,370122.8317,8076335,388018.0501
Sedoheptulose_2252_6TMS,Sedoheptulose,,,,,,,,,,,,,,,,16163151.8,2009334.415,,,13369901.8,363777.4413,18242635.6,324956.0518,,,18821275.75,489080.5994,,
Serine_1361_2TMS,Serine,,26074226.6,1672797.212,34420731.4,2694053.734,36374370,2645485.84,8766044.8,540084.3273,8727323.8,1599715.657,10119246.6,353636.2129,14130769.2,432705.7928,27221124,1667786.35,13260597.6,577607.6352,20975570.4,603867.6124,29012803.4,4075941.638,38596547.6,2177836.077,37607895.6,3825398.086,36323142.8,5021495.649
Serine_1408_3TMS,Serine,,2718059.4,213999.2278,2095927.4,388418.2391,2213250.8,229195.593,190509.8,38645.573,41625.4,7468.358867,40900,8310.68718,234865.6,35682.09242,1960744.6,256066.6992,70833.8,8148.913697,1106781.8,203823.5172,3032657,672784.9512,5732505,736005.2077,9072727.6,1188857.114,4680883.6,1092973.097
Shikimic acid_1838_4TMS,Shikimate,,1308236.6,115284.7397,2161438.2,234628.7388,2658166,711408.756,846594.4,37841.0556,1252656,135175.9969,3203359.4,870942.9112,2202282.4,112628.9207,7728200.2,1218982.004,2941768.4,276485.9596,6502288.2,198717.5077,5294686,814007.9607,12949018.8,708346.1836,16728630.2,433346.6698,12101774,739085.2841
Sorbose_1849_5TMS,Sorbose,,1776760.4,42043.9307,73518104.8,4822701.413,130012405.8,8343550.89,1114473.2,56626.9355,266320021,170133734.9,157786007.4,9161271.985,154389552.4,5654127.369,193658130.8,7863381.143,152351561.4,3942705.705,198533289,7493050.473,190196257.8,16939415.79,271303873.4,23799583.66,246722243.8,26619921,227402798.6,36168122.44
Succinic acid d4_1419_2TMS,STANDARD,,107129665.2,7399857.825,140811831.4,36895984.51,104870757.4,3190514.886,103658266.8,1598596.881,103864462.8,4492980.665,167621997.2,62767976.23,90956365.8,19688440.6,109290802.6,3622100.575,115929497,1971193.45,109664956.2,3878597.795,97223439.4,4026316.979,117012041.4,3111309.475,124553064.6,2172901.553,126213892.2,2923131.673
Sucrose_2323_8TMS,Sucrose,,237635491,5963801.482,217761273,36414994.59,252560160,10660321.11,221548190.6,5766169.177,247339245.4,10247256.79,382153055.6,67492713.95,358278335.2,18032537.47,589345649.6,8286549.566,305161274,22336082.12,375153564.2,6065520.223,338919703.2,21773759.65,337948890.6,6813206.067,427620359.6,11845730.43,289889794.2,5826491.812
Threonine_1384_2TMS,Threonine,,127906954.2,9854433.037,81440313.4,19809924.74,99482585.4,17640206.84,134198189,4386387,101812750.8,22748185.69,135329000.6,3394045.345,131498879.2,3313061.972,149455735.4,4073085.257,126263753.8,7282633.007,171555176.6,1195994.483,161312376.8,3935080.04,136219396.2,33618979.06,167470800.4,2732740.665,123385360.4,3283411.837
Threose_1819_3TMS,Threose,,1015667,188164.5382,7389600.6,2418229.294,4390620.2,1369387.292,1325078.8,67717.94751,1455654.8,241573.6686,2503134.4,824269.3404,2550875,918735.2671,1896524.4,251432.3106,412422.2,54305.28144,1413631,285234.4957,597594.4,43360.05236,2746069.2,1074745.038,1249102.8,118787.6502,660920.6,63628.13138
Threose_1840_3TMS,Threose,,2406314.4,189890.313,7344838.2,2914401.75,7800271.2,2247715.393,3589711.6,265646.5429,2795646.2,789569.9487,4293022.6,614347.206,5004105.4,874385.3286,5120346,458209.9975,1358322.4,263347.613,2884493.6,509404.4419,1356313.2,106087.9165,4513202,432339.6756,4480351.4,221821.0064,3537234.4,184937.2002
Trehalose_2614_8TMS,Trehalose,,297570.2,15865.95297,1275449.4,365533.3273,1067208,210491.2341,493055,82189.41179,589842.2,89667.22121,627038.2,40282.76913,708960,146146.7973,833576,84953.35984,1356553.2,243287.291,729400,84537.55361,512155.2,14796.77222,1609471.8,312182.1098,2097778.8,78477.49864,1618611.4,262153.511
Unknown 1,,,475863.8,7870.331247,,,,,381556.2,33487.47604,615002.2,18255.02996,521251.2,7410.498906,527003,12820.11048,,,393532.2,22207.07133,218616.6,4931.77421,,,90465.6,682.6548616,159712,5572.617949,,
Unknown 10,,,120223090.2,8949108.04,149891756.4,5167664.688,153397692.8,2283060.119,151160641.4,7854523.755,125247553.6,29102775.55,143855466.2,9462507.506,144982996.6,3802082.844,160162468.4,6008928.575,97110819.2,22707416.91,124568989.6,7800786.591,111743961.8,6541315.72,145029415.6,1982584.945,174721196.6,5476122.664,152730927.6,7837631.682
Unknown 11,,,690087.6,29698.3742,627303.4,52125.21817,,,317376,8719.279924,301882.6,16002.98913,294523.4,8294.514757,301710.4,10677.09271,10819818,604346.5949,282761.6,19399.06025,887560.6,30818.24878,759668,66223.79348,,,,,,
Unknown 12,,,4259473.6,180602.0495,42641545.6,23394094.55,89441758.8,2729564.582,2474351,176874.5272,2343313.4,265845.8962,2755359.2,277995.3868,2300934,77370.70344,2480013.8,89572.64894,2245434.4,128710.4818,8142692.6,529782.936,6480489.4,925282.9663,12828764.2,531978.0755,14853849,2416081.254,3180109.8,154648.22
Unknown 13,,,815505,6265.008524,1936835.4,58454.59047,,,611820.8,4075.297466,720784.8,98234.20516,1099983.8,128433.7703,1066546.4,95477.8443,,,3062417.8,167232.3162,4616940.8,60243.10887,1908937.6,80247.86467,8499685.2,125101.2705,11332676.4,344650.1101,10776090.4,490626.0907
Unknown 14,,,,,,,,,,,,,,,,,72603955.4,3063104.779,,,,,,,171871.6,4864.423559,,,,
Unknown 15,,,64406877.2,4587571.31,47733238.4,3381118.62,48846226.2,9759325.297,73325061.6,2537471.645,83651183.4,9469701.942,82908674.4,14745091.4,69190778,2089678.533,4869989.6,139070.1485,59483018,1952240.019,84814209.8,829737.0051,78259707.8,1068581.585,83798207.6,1883535.095,80627306.2,3893187.092,55692086.4,1931990.893
Unknown 16,,,4124175.2,272325.5059,3321723.6,218921.1223,3293572.8,650024.2035,4786249.4,118719.4921,4105501,213311.3874,16777026,11538081.85,4483955.8,134097.7258,87147.4,939.2298228,10189696.8,7001374.392,5373386.2,59265.16387,4899539.2,63877.20683,5312406,122004.2571,4732811,43551.61152,3482247,116208.0346
Unknown 17,,,117334.2,4012.264814,,,,,,,,,49497.6,643.0686278,,,225323.6,19421.29988,,,98096.6,6080.449725,,,107032.8,5214.638802,,,78732.2,1259.400548
Unknown 18,,,114383.2,10463.62252,256076.2,23610.15178,236702.4,16583.43398,193761.4,24641.0106,154542,17060.01253,79322.6,4464.381554,109124.2,11854.98382,280875.2,51691.92932,50050.6,3247.849359,104312.6,10152.84901,105498.2,5922.783344,206720.2,16365.58196,151770.2,14313.04913,88282.8,2571.922032
Unknown 19,,,228513.8,8496.722853,392252.8,23317.44368,,,262651.6,20848.41239,193398.4,9970.448283,194397.6,5326.948025,,,2546409.4,331532.9499,,,134019,3440.778022,184614.4,3844.231114,297955.2,4902.482834,182072.6,2737.465554,108423.2,3578.185523
Unknown 2,,,114735891,5952921.733,,,,,88876912.6,6277818.325,,,112309721,3035724.201,105273156.2,2122769.014,262336.6,36329.64566,,,59463450,14672255.91,73633026.2,799790.6882,1382597,121603.7739,1139326.6,24491.77499,405969.2,18610.57358
Unknown 20,,,195014.2,21075.42525,407741.8,55273.00804,363028,39329.26117,218793.6,15023.8722,195996.8,35674.6107,231753.8,24779.16917,218271.8,22865.45701,59326,1946.575891,133284.4,6366.013192,242197.4,17498.49354,226504.2,12752.1725,414268.6,27475.02948,389819.8,35630.82134,221581.8,12289.1748
Unknown 21,,,40552.4,1036.984214,68612.4,13467.38717,76139.6,18918.27922,,,,,20955.8,1330.943402,37933.2,3114.222269,93735,11298.24713,166661.6,7316.169309,24784.4,408.6479659,,,77792.8,1635.060959,98739.6,5237.157068,65055.2,2904.44059
Unknown 22,,,72391.2,2928.857207,146597.2,11905.83058,124067,9420.956708,64920.4,2912.127154,64642,5091.808687,60488.4,4907.343147,62919.4,2752.976146,9184222.6,360060.8954,33629.8,4638.078626,62775.4,3373.619816,64433.6,3337.928603,103679,5979.250379,103989.8,5739.858146,57091.8,4666.165979
Unknown 23,,,4344273.8,165714.223,7170192.2,1889720.204,8806420.4,824193.463,5238706.4,264092.206,3947628.4,487441.2841,3964616,618762.1208,5455118.6,319918.0476,3106082.4,215959.511,2337839.8,55657.53761,3981266,288852.9141,4099789,160865.1024,6301774.4,553171.5857,6923419.2,257860.4184,5350840.8,252125.2087
Unknown 24,,,1219823.6,39387.78126,4851109.8,1273778.69,2709896.8,141075.5016,1923969.6,128909.3298,2320564.4,713535.2901,2050532.2,564611.081,1819124.4,62610.4205,650961.2,77997.67657,956048.6,232309.7649,1283073.6,35999.46729,1335721.2,23198.04822,2288471.2,109683.2265,2181988,202487.5104,1281821,24530.63085
Unknown 25,,,416725.2,44913.16797,759646,113056.7024,635020.4,83266.63633,539578.8,60254.44586,520949,61344.56904,904602.2,43067.68983,640079.6,109065.5983,,,451387.8,40131.81783,293819.4,19899.16402,217866.2,9795.990136,426765.2,14549.46979,625937.6,21530.95057,706613.2,19472.30562
Unknown 26,,,,,,,,,,,,,,,,,3185258.6,453114.1901,,,,,,,181785.6,1838.486269,882998,28812.89214,,
Unknown 27,,,2455057.2,209536.7394,2548129.4,186642.9661,2927744.2,566111.2958,2061440,210170.2021,1246260.6,119686.4351,1925316.6,108642.534,2589202,195394.4157,673291.6,81491.29557,1766122.4,50583.74331,3328680.2,100422.1371,5274871.2,384850.0393,5105433.6,513524.2944,4200668.4,557451.1732,1933224,159401.6816
Unknown 28,,,406755,47548.27193,734387.2,224862.1969,699497.4,132630.95,413717,13633.06725,491237.4,72799.45252,470367.4,37789.14342,470538,35511.15542,432205.6,19106.39242,365736.2,18842.5388,445932,16443.82296,295328.4,15788.18344,517731.2,117324.4998,262058.6,34777.00634,424232.6,64553.5953
Unknown 29,,,59884.4,1998.499902,202601,43411.62762,202598.8,15469.76252,36069.8,701.9446844,25458.2,2094.179682,28409.4,1170.406451,68798.6,12579.52692,,,,,236030,12961.15663,179433.4,32670.66742,1035053.8,47762.76868,1107215.2,144048.5729,653887,57680.07973
Unknown 3,,,8428556.2,71237.34688,,,,,7940006.6,70117.19822,,,9671145.8,252370.7654,8555895.6,105871.6266,333277.4,7945.466019,,,7341220.8,124294.3702,,,,,122257.6,6078.808219,,
Unknown 30,,,72917,1320.295384,134299.2,13056.51896,146131.8,20377.26104,58559.8,3362.669615,102011.8,10411.76577,214595.8,39504.60045,211964.4,11874.50082,1241980.8,63595.65832,191687.4,19505.83809,402593.6,21892.59366,330171.8,14140.26203,617361.6,19789.90458,873097,30137.67366,480925.8,31109.85556
Unknown 31,,,784114.4,64446.15213,1488899.8,215452.2306,1558244.4,286829.5491,731642.6,16092.77392,648883.2,32105.48174,1130815.8,90351.08783,1062364.4,69829.52742,568891,15696.19945,744421.8,170387.0249,1259908.8,115993.4347,808921.4,136792.3308,1535026.2,65273.4593,1805459.6,80392.31038,1417292,146244.8523
Unknown 32,,,227674.4,17953.82822,623622.2,81173.75502,368302.6,10322.69545,269726.2,16419.67265,333928.6,85535.50355,346215.8,9463.032175,443429,37220.03916,151990.6,4547.951293,577173.8,156624.2149,797613.2,33683.02547,729109.2,50804.64494,3256462.4,363301.7264,4744940.8,524896.9009,4767114.2,335947.2728
Unknown 33,,,,,,,,,,,,,,,,,235843.4,30248.68233,246906.2,5889.92159,145177,4333.006589,,,234623.4,4758.35779,,,,
Unknown 34,,,583536.4,12758.58306,508469,119672.7127,217646.2,4690.281467,,,,,,,,,893145.6,24306.94857,148931.2,2538.04132,242603,4830.17685,275583.4,6605.943609,1144641.6,116915.0423,794250,59332.65207,487260.6,19617.33059
Unknown 35,,,,,,,,,19948,#DIV/0!,#DIV/0!,#DIV/0!,699005,6145.11768,697343.2,18156.11794,142691.6,17971.1174,600915,4754.02988,,,,,,,276716.6,7497.12582,197474.6,2160.446449
Unknown 36,,,,,,,,,,,,,196144.2,2853.970382,,,,,150468.4,4345.670841,134986.4,11384.16295,175774.4,7251.966613,,,#DIV/0!,#DIV/0!,106451,2923.82915
Unknown 37,,,,,,,,,,,,,,,,,227350.8,5182.482401,118584.8,7093.382666,,,,,,,#DIV/0!,#DIV/0!,,
Unknown 38,,,88492,3475.459034,127864.6,7836.388509,123571,19641.60608,127651.2,3209.51511,116924.8,7049.023559,150899,14588.24458,240663.4,12602.76199,19886047.4,2673400.831,88425.4,7725.494758,148013.6,11733.99537,165620.4,13752.99875,390780.6,9612.909781,236656.2,7505.893827,125444,12520.05113
Unknown 39,,,5170761.2,388603.1596,20914186.8,3306838.731,29177127,6204811.138,19683399.8,3499922.204,16082207.4,3315631.452,19663412.8,2788172.473,16501366.8,1243625.87,,,10567403,624144.4673,4244759.6,506493.4369,6696043.8,830974.4222,16305059.4,1934166.16,17095684,1537532.935,5231843.2,812175.6362
Unknown 4,,,1007348.8,25328.59345,,,,,1667614.4,35216.32439,#DIV/0!,#DIV/0!,2496673,610074.1411,1916008.4,54134.43161,220382.6,13651.51531,,,1927683.8,89922.55544,,,,,#DIV/0!,#DIV/0!,,
Unknown 40,,,174285.4,11225.11093,,,254050.6,18113.12101,167506.4,8075.687931,166482,19181.73135,186962.8,11228.88594,169628.2,14760.58894,14655647,666621.1548,117347,6015.154919,169406.4,5996.409022,194054.6,3108.78934,242965.6,5276.19769,193514.4,7798.916467,147146.6,10493.96336
Unknown 41,,,11233092.6,880495.3013,,,,,11288573.6,212641.8545,16424281,732790.1544,12983706.6,388835.7282,11858399.8,604081.9446,37811.8,2124.708531,7861710.4,451775.4637,11589462.8,586807.2623,12770693,312035.4616,18903233,544853.1914,18497720.2,678226.1477,15328489.6,577313.1238
Unknown 42,,,,,,,75920.6,8867.28465,30719,671.0045454,#DIV/0!,#DIV/0!,,,27765.4,1369.316786,184388.6,22675.82229,26072.4,2469.951064,38869.6,1642.430139,56107.8,1861.820813,77284.8,2121.7807,62182.6,2429.586685,30887.8,2684.857937
Unknown 43,,,112676.8,6995.477328,230040.4,27748.56382,208201.2,34637.42045,60112,444.5674302,63276,5226.531728,86690.6,9245.90633,88916.6,9405.484653,2377557.6,149014.5941,43671.2,4812.886643,176823,11411.37567,198754.8,12121.83205,216361.4,22637.07426,216645.6,31204.75187,109865,3368.861781
Unknown 44,,,1421606.8,124444.2553,3723398.8,335742.2403,4026951.4,814749.9272,1192938.6,41958.51628,1162758.6,129849.73,1425687,122810.2237,1000346.2,93156.85004,1140474.4,171995.6543,391661.4,58063.00408,1547506.8,112321.4281,2052480.2,65116.3271,2831982.8,224950.443,2996968.4,410599.6018,515546.4,22685.0136
Unknown 45,,,421829.4,4820.305173,1498029.4,192390.8698,2298039.4,704880.9828,850057.6,23522.25038,664750.4,129142.2531,747283.4,147555.1327,639230.6,46279.22316,858183,187188.0395,494519.2,45092.05607,442829.2,51168.33957,599857,58155.34199,1491116.6,117375.9105,1275414.8,97006.26199,714426.6,38158.414
Unknown 46,,,298385.4,68181.54222,1024629.4,141922.6875,1068947.8,168758.7689,403482.6,24141.5061,567926.4,143623.8541,573147.6,65983.29568,499840.8,51947.93891,144156.8,5893.186824,159393.4,6898.187346,513882,33381.39309,624728.2,71099.74084,1569595.8,200046.8856,973873,83710.27834,696229.4,205111.2829
Unknown 47,,,,,131579.5,6374.835535,,,,,,,31117,2064.041109,52691,10337.04243,170608,7160.377385,127327,5864.181912,63228.6,2809.247508,25457.8,4523.888232,189024.8,19126.30579,433759.6,58356.18295,199093,11473.15432
Unknown 49,,,122633.8,5254.028829,193875.6,12449.1416,181927,22681.81113,89260,5136.932918,79304,5965.410288,119754.6,3334.469052,127021,8553.721927,15311048.4,369994.3653,81140.4,5565.261554,91969.6,3977.451491,91219.2,2957.471562,160819.2,13185.73233,184828,13718.26384,100357.4,6599.030577
Unknown 5,,,150729144.4,4471352.13,,,,,116613581.8,26203073.22,7946717.2,75211.56783,165087535.8,4392951.23,152289729,3162465.297,228395.4,20670.13988,,,124188042.2,21466032.2,117491707.2,6015902.111,18302724.8,762381.2949,42610701.4,705949.4681,34914328,566000.842
Unknown 50,,,69612.2,4876.886788,236326,36255.79225,210600.8,23738.34317,,,,,,,102715.6,9462.134139,858209.6,55037.55619,,,67769.2,3137.685236,30530.6,746.4226417,509601.8,288782.6609,234644,21780.27287,120005.6,10640.07378
Unknown 51,,,800105.8,355400.744,889815.6,147269.1257,525897.8,44714.69773,96848,5780.533963,139298.4,11581.85394,,,257199.4,33123.4247,13984762.8,453243.5369,,,1142131.8,56129.61677,1054083.6,80951.15876,3468539.6,1623229.986,1369833.2,100745.3688,816888,53188.39391
Unknown 52,,,,,15845787.2,997773.6995,16180079.2,587833.7928,,,,,,,,,841645.8,38545.50427,,,,,,,11488700,3175979.814,14603534.4,1281658.291,,
Unknown 53,,,136750,9479.877278,590392,54681.74592,500818.8,48539.57067,380427.2,250628.8766,97639,6001.167153,204084.4,17564.81596,200231.8,17902.18936,236405191.6,66310058.6,,,156185.6,13703.32962,218335.8,8799.496119,913558.8,255465.7967,690770.4,61146.27921,271754.8,20050.39628
Unknown 54,,,,,1767071.6,20862.03647,,,,,,,962110.8,42272.33909,1113846.6,130524.4373,2996040.6,111247.604,307736328.2,16015671.89,824219.6,9444.317501,711000.8,23254.78126,70878714.8,69964666.23,2506318.6,87520.27679,1435038.8,94848.90249
Unknown 55,,,2409984.6,173789.6475,5384346.4,517019.7879,4074839.4,602538.7884,7965210.8,196090.767,369202.4,9072.626878,1489626.2,502338.8101,1519522.8,170327.5018,270804,36840.33536,494565.8,58458.56889,12447634,4699709.801,12134776.8,461860.1439,5779179,580415.3939,13020252.4,7429169.074,3156266,300580.3866
Unknown 56,,,31778.6,707.643738,62774.4,12392.37669,51175,7006.029517,79200.8,9673.225922,48980.4,12095.25421,517615.4,50624.00229,85147.2,10965.44992,207493.2,10356.29667,156428.5,10839.85801,279060.8,29940.15929,54916.6,2772.908123,150579.8,11807.46322,189337.2,5198.489544,86984.6,3783.776283
Unknown 57,,,46454.6,1298.765321,96529.75,10444.35422,182811,44925.95697,39231.2,5278.005413,48080.2,6157.560486,56792.2,6324.382985,78610.4,21352.42446,973512.2,125483.2776,46204.6,5070.722834,184624.8,18503.25287,4126087.8,2689494.864,1462826.8,91635.91384,1614870.4,181710.7026,1170260,30411.52562
Unknown 58,,,477008,41705.6414,858326.4,201077.8965,768624.4,125639.303,199961,19978.91798,183613.4,22779.89774,377086.6,50032.25334,403644.8,57277.29305,,,219131,4430.38724,344070,19419.6088,338047.4,45114.60586,870442.4,77808.19214,918229.2,91317.46523,568014.2,26450.39076
Unknown 6,,,,,,,,,,,,,818747,73581.15206,451541.2,7397.305708,,,,,905363.8,14965.08673,,,,,,,,
Unknown 7,,,255406.8,4430.626371,,,,,250282.4,26522.20197,260535,#DIV/0!,206695.4,27104.70838,280695,10634.97919,3815658.8,92817.6779,,,198518,8381.305024,,,,,,,,
Unknown 8,,,3107117,101370.6537,4635996.2,71271.38211,3727714,396011.7163,,,,,,,,,560345.8,55015.54306,,,1827003.6,27444.05859,5070373.6,3240143.022,3220807.6,327428.0685,4364732.4,231466.225,3597261.6,222125.4456
Unknown 9,,,1111726.2,503137.6164,2466136.6,644072.041,1609357,684845.8329,1631444.4,53141.45054,971953.6,25119.10845,1717906.4,38378.83083,1516607,9316.956848,1128287.8,18985.5581,249629.8,6153.99443,2216226.8,132796.7565,989825.8,365337.5338,3069149,143283.2366,2986456.8,563456.1237,477032.8,13496.45103
Valine_1245_2TMS,Valine,,1585992.6,99533.76973,1717226.8,221912.1728,1035641.2,167327.7065,726857,63713.98061,871953.2,99248.45553,804557.8,79864.35028,736694.6,51512.46797,5576669.2,651743.732,724559.6,39561.38378,1170255.2,94561.07966,1522937,391635.348,1152699.6,63417.13422,1129332.6,66209.93967,875116.4,30267.1557
Xylose_1661_4TMS,Xylose,,2168854.8,153376.1668,6783697.8,280807.0385,6258428.8,1046797.967,2436937.2,312337.7274,3694064.2,524586.2698,3937059.2,202449.4239,3318337.8,494061.8458,3746884.6,221282.0143,1471685.6,299647.4126,3185103.8,78171.33895,3193071.6,194795.0705,5848908,431373.6505,5145128.4,80612.10111,3254137,260977.1311
